<?xml version="1.0" encoding="UTF-8"?>
<project-private xmlns="http://www.netbeans.org/ns/project-private/1">
    <editor-bookmarks xmlns="http://www.netbeans.org/ns/editor-bookmarks/2" lastBookmarkId="0"/>
    <open-files xmlns="http://www.netbeans.org/ns/projectui-open-files/2">
        <group>
            <file>file:/C:/Users/gbj_0/Documents/Uatx/SEGUNDO%20SEMESTRE/Estructuras_Datos/arbol_binario/src/arbol1/Nodo.java</file>
            <file>file:/C:/Users/gbj_0/Documents/Uatx/SEGUNDO%20SEMESTRE/Estructuras_Datos/arbol_binario/src/arbol1/arbol1.java</file>
        </group>
    </open-files>
</project-private>
